Date,Store,Department,Sales,Promotion,Holiday,Temperature,Fuel_Price,CPI,Unemployment
2020-01-05,5,Toys,1099.34,1,0,19.2,3.51,213.36,5.68
2020-01-12,4,Clothing,1042.23,0,0,33.5,2.51,215.44,8.48
2020-01-19,1,Electronics,1268.43,0,1,17.1,3.07,210.78,7.02
2020-01-26,4,Clothing,1510.75,0,0,30.1,3.73,217.79,7.14
2020-02-02,3,Grocery,1223.99,0,0,21.1,4.46,204.91,8.59
2020-02-09,4,Clothing,1285.28,0,0,24.7,3.76,211.73,8.46
2020-02-16,2,Clothing,1705.1,0,0,22.2,3.02,229.08,9.96
2020-02-23,2,Electronics,1595.05,0,0,23.9,3.77,207.74,5.64
2020-03-01,3,Electronics,1394.52,0,0,33.0,3.58,219.7,5.52
2020-03-08,1,Electronics,1637.78,1,0,22.4,4.06,209.76,8.62
2020-03-15,2,Clothing,1470.98,0,0,29.2,2.71,223.2,7.89
2020-03-22,5,Grocery,1498.09,1,0,26.9,4.02,203.93,6.37
2020-03-29,2,Toys,1660.13,0,0,31.6,3.58,229.09,5.4
2020-04-05,2,Toys,1242.34,0,0,38.4,4.43,213.61,5.43
2020-04-12,1,Electronics,1285.99,1,0,33.3,3.18,207.08,9.47
2020-04-19,4,Electronics,1517.24,0,0,20.4,3.77,202.2,5.96
2020-04-26,2,Clothing,1418.79,0,0,15.8,4.36,205.09,6.62
2020-05-03,3,Toys,1669.04,0,0,21.6,2.71,215.59,6.13
2020-05-10,4,Electronics,1402.96,1,0,29.9,4.37,210.11,6.77
2020-05-17,5,Grocery,1274.49,0,0,16.3,3.88,224.87,5.35
2020-05-24,1,Grocery,1817.0,1,0,27.4,2.64,212.93,7.6
2020-05-31,5,Electronics,1440.8,0,0,29.9,3.1,207.46,5.34
2020-06-07,4,Electronics,1457.41,0,0,23.4,3.92,218.51,9.0
2020-06-14,4,Toys,1113.51,0,0,34.3,2.63,221.2,6.17
2020-06-21,4,Toys,1241.55,0,0,17.7,3.66,205.01,7.7
2020-06-28,5,Clothing,1322.84,0,0,16.9,3.19,205.03,9.4
2020-07-05,4,Toys,1019.8,0,0,33.2,3.74,201.1,8.25
2020-07-12,5,Grocery,1274.49,0,0,27.4,2.59,222.09,7.66
2020-07-19,4,Grocery,1029.45,1,0,32.2,4.24,219.91,6.62
2020-07-26,3,Electronics,1043.2,0,0,25.9,4.45,214.24,6.67
2020-08-02,4,Toys,935.76,0,0,21.2,4.44,225.33,8.35
2020-08-09,5,Clothing,1384.5,1,0,35.5,4.0,224.17,9.97
2020-08-16,2,Grocery,973.43,0,0,35.0,2.76,217.56,8.31
2020-08-23,4,Grocery,731.51,0,0,32.4,4.02,226.05,7.79
2020-08-30,2,Clothing,1079.94,1,0,21.8,2.55,206.18,8.65
2020-09-06,3,Clothing,649.64,1,0,29.8,2.54,203.36,7.33
2020-09-13,1,Grocery,920.42,0,1,24.0,3.15,208.09,5.3
2020-09-20,3,Grocery,478.36,1,0,17.3,3.48,201.71,7.81
2020-09-27,4,Clothing,603.39,0,0,37.9,4.04,215.94,9.79
2020-10-04,2,Grocery,914.37,0,0,18.4,3.87,228.1,5.88
2020-10-11,2,Electronics,1035.95,0,1,38.8,3.39,201.18,8.45
2020-10-18,5,Electronics,943.03,1,0,26.2,3.05,203.66,6.0
2020-10-25,2,Clothing,913.21,0,0,19.6,4.49,213.57,7.68
2020-11-01,5,Toys,910.51,0,0,28.5,3.35,228.02,5.48
2020-11-08,1,Clothing,715.88,0,0,36.8,3.4,209.48,7.25
2020-11-15,4,Clothing,914.47,0,0,33.3,2.83,215.22,8.78
2020-11-22,5,Toys,1018.62,0,0,35.2,4.09,201.25,6.74
2020-11-29,1,Toys,1379.32,0,1,31.5,3.89,204.45,8.32
2020-12-06,2,Toys,1297.9,0,0,32.3,2.94,229.6,8.98
2020-12-13,2,Electronics,941.24,0,0,36.2,2.66,228.95,9.64
2020-12-20,1,Grocery,1425.93,0,1,21.2,3.86,200.15,6.17
2020-12-27,2,Electronics,1353.1,0,0,27.2,3.81,228.55,7.0
2021-01-03,1,Grocery,1364.62,0,0,20.5,3.05,219.17,5.76
2021-01-10,5,Electronics,1692.22,0,0,39.7,4.4,226.04,9.96
2021-01-17,5,Grocery,1845.09,1,0,38.6,2.8,213.64,9.64
2021-01-24,1,Electronics,1892.4,0,0,16.0,3.36,215.47,7.7
2021-01-31,5,Toys,1602.98,0,0,32.6,4.39,214.67,9.21
2021-02-07,5,Clothing,1770.27,0,1,38.1,3.34,220.01,7.6
2021-02-14,5,Electronics,1955.51,0,1,19.5,3.78,204.19,8.12
2021-02-21,3,Grocery,2136.67,0,0,29.2,3.3,200.9,5.45
2021-02-28,4,Toys,1892.58,0,0,37.9,3.05,209.24,8.78
2021-03-07,2,Electronics,1992.13,0,1,15.8,4.47,221.14,5.64
2021-03-14,3,Electronics,1842.39,0,0,32.4,3.32,206.06,9.13
2021-03-21,5,Toys,1852.0,0,0,22.4,4.29,220.2,8.91
2021-03-28,1,Electronics,2274.24,0,1,38.1,2.96,229.1,8.54
2021-04-04,5,Clothing,2396.25,0,0,39.3,2.93,202.82,5.18
2021-04-11,4,Electronics,2116.57,0,0,38.6,2.56,220.18,6.52
2021-04-18,5,Clothing,2330.41,0,0,26.9,3.8,213.31,6.32
2021-04-25,1,Clothing,2193.68,0,0,36.6,3.24,226.04,6.8
2021-05-02,4,Toys,1977.17,0,0,36.1,4.23,205.31,5.44
2021-05-09,5,Electronics,2156.85,0,0,23.0,3.45,220.78,9.68
2021-05-16,4,Toys,2364.55,1,0,35.7,4.44,225.14,7.77
2021-05-23,2,Electronics,2016.7,0,0,15.9,2.87,228.34,6.53
2021-05-30,2,Electronics,2298.88,0,0,29.9,4.24,220.5,6.98
2021-06-06,5,Grocery,1419.95,1,0,20.8,4.05,214.92,7.24
2021-06-13,4,Electronics,2062.84,1,0,18.0,4.04,218.54,8.0
2021-06-20,1,Toys,1867.84,0,1,16.9,4.19,226.07,7.58
2021-06-27,5,Clothing,1740.85,0,0,32.4,4.02,217.12,9.6
2021-07-04,2,Electronics,1768.35,1,0,23.5,3.75,200.91,7.48
2021-07-11,2,Grocery,1301.83,1,0,33.1,2.76,227.93,9.96
2021-07-18,5,Toys,1605.64,0,0,16.6,2.57,220.69,9.26
2021-07-25,4,Electronics,1672.97,0,0,22.9,4.34,220.3,6.04
2021-08-01,2,Toys,1851.68,0,0,28.5,3.73,206.47,9.65
2021-08-08,4,Grocery,1410.39,0,0,34.8,4.09,219.77,5.58
2021-08-15,2,Grocery,1314.43,0,0,23.0,3.46,211.82,9.09
2021-08-22,2,Toys,1342.7,0,0,30.6,2.73,219.54,6.9
2021-08-29,3,Electronics,1598.51,0,0,37.1,2.75,203.2,9.39
2021-09-05,2,Clothing,1459.56,1,1,30.4,3.87,219.74,9.34
2021-09-12,1,Grocery,1272.69,0,0,20.8,3.36,229.98,9.03
2021-09-19,5,Electronics,1472.95,0,0,15.6,2.9,201.45,8.95
2021-09-26,5,Electronics,1388.45,1,0,36.8,3.48,229.32,6.52
2021-10-03,4,Clothing,1568.73,1,0,15.5,2.63,212.21,5.4
2021-10-10,2,Grocery,1247.85,0,0,36.9,3.66,226.12,7.01
2021-10-17,1,Grocery,1343.23,0,0,28.2,3.04,223.47,5.87
2021-10-24,4,Electronics,1357.92,0,1,38.5,4.1,217.01,8.47
2021-10-31,3,Electronics,1178.03,0,0,35.0,3.12,222.15,6.73
2021-11-07,4,Clothing,1570.81,0,0,39.9,3.41,226.36,9.88
2021-11-14,4,Clothing,1610.65,0,0,23.8,2.52,212.12,8.2
2021-11-21,2,Grocery,1611.77,0,1,34.2,2.64,209.81,9.11
2021-11-28,3,Toys,1620.97,0,0,25.0,3.28,220.03,5.66
2021-12-05,4,Grocery,1446.1,0,0,27.0,3.46,224.24,9.31
2021-12-12,1,Electronics,1709.72,0,0,30.7,3.7,222.87,9.61
2021-12-19,1,Grocery,1792.57,0,0,36.8,3.08,223.93,7.44
2021-12-26,5,Toys,1769.66,0,0,39.6,3.89,213.07,8.03
2022-01-02,3,Clothing,1967.74,0,0,34.2,4.22,224.54,8.82
2022-01-09,3,Toys,2150.69,1,0,25.4,4.06,203.61,5.87
2022-01-16,5,Toys,2516.13,0,0,25.5,2.58,216.33,7.51
2022-01-23,4,Toys,2241.06,0,0,33.4,3.46,200.17,6.99
2022-01-30,3,Clothing,2322.33,1,0,21.0,2.71,209.74,5.73
2022-02-06,1,Toys,2317.22,0,0,17.8,2.98,210.99,6.84
2022-02-13,1,Toys,2005.5,0,0,23.9,4.47,211.89,5.34
2022-02-20,2,Toys,2436.26,0,0,22.2,2.78,220.86,5.13
2022-02-27,3,Electronics,2500.46,0,0,22.4,3.5,211.66,5.68
2022-03-06,4,Toys,3021.91,1,0,20.8,3.74,213.46,9.82
2022-03-13,5,Clothing,2525.19,0,0,16.1,3.9,207.13,7.75
2022-03-20,5,Toys,2651.55,0,0,15.4,3.62,211.2,9.83
2022-03-27,4,Toys,2604.8,0,0,39.7,2.52,206.82,7.16
2022-04-03,2,Clothing,2391.26,0,0,25.7,3.15,202.2,6.56
2022-04-10,5,Toys,2859.53,0,0,24.6,3.54,218.1,7.53
2022-04-17,3,Clothing,2780.09,0,0,32.0,2.68,220.05,7.2
2022-04-24,2,Toys,2779.56,0,1,20.5,3.2,218.58,5.53
2022-05-01,3,Clothing,2424.31,1,0,38.7,2.57,213.9,8.2
2022-05-08,1,Toys,2865.13,0,0,34.7,2.66,211.39,6.08
2022-05-15,2,Toys,2276.58,0,0,17.2,3.29,225.9,8.1
2022-05-22,5,Electronics,2641.24,0,0,25.4,2.77,215.57,8.25
2022-05-29,2,Electronics,2924.05,0,0,37.0,3.64,214.38,5.76
2022-06-05,2,Toys,2245.79,0,0,38.6,3.88,200.77,5.31
2022-06-12,2,Toys,2285.2,0,0,26.7,4.1,210.24,8.9
2022-06-19,2,Grocery,2370.36,0,0,30.3,2.9,211.41,7.3
2022-06-26,3,Clothing,2199.96,0,0,19.2,2.83,211.96,5.29
2022-07-03,1,Grocery,1939.87,0,0,39.8,2.71,217.41,9.97
2022-07-10,4,Electronics,2213.06,1,0,20.8,3.77,216.01,5.29
2022-07-17,2,Electronics,1937.11,0,0,38.6,3.91,218.24,8.48
2022-07-24,5,Electronics,2196.26,0,0,31.2,2.56,222.95,9.92
2022-07-31,2,Electronics,1872.22,0,0,30.2,4.37,224.39,6.2
2022-08-07,5,Toys,2324.03,1,0,27.8,2.6,221.54,5.71
2022-08-14,3,Electronics,1819.48,0,0,20.8,3.58,228.67,5.61
2022-08-21,5,Toys,1878.64,0,0,19.4,3.92,200.55,6.52
2022-08-28,4,Toys,2078.13,1,0,20.5,4.24,205.87,5.51
2022-09-04,1,Electronics,1647.64,1,0,19.7,3.93,200.23,8.46
2022-09-11,5,Electronics,1924.14,1,0,34.5,4.1,219.42,5.31
2022-09-18,5,Clothing,2131.73,0,0,23.8,3.18,226.94,7.55
2022-09-25,1,Grocery,1547.53,0,0,16.4,4.13,207.3,9.98
2022-10-02,4,Electronics,1911.93,0,0,39.2,2.66,227.81,9.07
2022-10-09,2,Clothing,1940.24,1,0,37.1,4.29,201.81,8.08
2022-10-16,5,Clothing,2065.12,0,0,38.2,3.6,228.03,6.53
2022-10-23,1,Grocery,1688.95,0,0,39.9,4.13,210.55,8.12
2022-10-30,3,Toys,1706.64,0,0,19.3,3.4,203.04,7.64
2022-11-06,1,Electronics,2115.97,1,0,24.9,3.79,214.58,7.13
2022-11-13,3,Grocery,2117.83,0,0,34.0,3.55,207.7,5.65
2022-11-20,4,Electronics,2160.84,0,0,32.4,3.96,208.55,9.43
2022-11-27,2,Clothing,2237.18,0,0,18.8,2.66,209.22,7.25
2022-12-04,1,Clothing,2093.17,0,0,35.4,2.62,224.09,5.97
2022-12-11,5,Toys,2340.3,0,0,20.6,2.99,216.17,6.84
2022-12-18,4,Clothing,2419.73,0,0,20.6,2.82,209.34,7.07
2022-12-25,1,Clothing,2287.25,0,0,28.4,4.24,218.31,9.14
2023-01-01,5,Grocery,2873.15,0,0,29.8,2.94,221.48,8.67
2023-01-08,1,Electronics,2664.65,0,0,29.5,4.45,208.18,8.85
2023-01-15,3,Electronics,2400.63,0,0,17.3,3.17,212.41,5.06
2023-01-22,1,Grocery,2837.46,0,0,36.9,2.86,203.66,7.08
2023-01-29,1,Toys,2575.89,0,0,21.6,4.08,205.43,7.41
2023-02-05,1,Electronics,2989.53,0,0,18.2,3.82,220.43,5.1
2023-02-12,4,Clothing,3120.97,0,0,37.2,3.5,205.44,6.3
2023-02-19,1,Electronics,2777.43,0,0,38.9,3.61,215.75,8.8
2023-02-26,5,Clothing,3181.09,0,0,36.6,3.94,221.27,5.69
2023-03-05,3,Toys,3111.82,1,0,35.2,2.96,203.21,7.68
2023-03-12,3,Grocery,3228.07,0,0,31.4,4.49,217.02,6.08
2023-03-19,1,Electronics,3470.6,1,0,28.8,4.45,207.7,5.06
2023-03-26,4,Grocery,3062.66,0,1,17.2,3.8,228.89,6.21
2023-04-02,4,Electronics,2974.25,0,0,25.2,2.9,214.51,9.88
2023-04-09,5,Clothing,2953.07,1,0,24.3,3.86,224.18,9.01
2023-04-16,1,Grocery,2966.54,0,0,21.5,2.64,216.51,9.8
2023-04-23,3,Electronics,3105.93,0,0,33.1,2.56,201.3,7.44
2023-04-30,4,Clothing,3174.42,0,0,27.4,3.02,218.99,5.55
2023-05-07,1,Grocery,3139.91,0,0,17.0,3.43,228.54,7.74
2023-05-14,4,Grocery,3222.38,1,0,20.5,4.24,218.05,7.27
2023-05-21,4,Electronics,3026.47,1,0,32.1,3.95,224.58,9.22
2023-05-28,3,Electronics,3276.66,1,0,16.9,3.99,226.53,5.49
2023-06-04,2,Electronics,2890.97,0,0,36.3,3.35,206.84,7.44
2023-06-11,5,Clothing,3442.49,1,0,27.4,3.19,206.36,5.75
2023-06-18,5,Electronics,2975.56,1,0,27.0,3.24,218.33,6.62
2023-06-25,3,Grocery,2629.22,0,0,29.8,4.48,212.33,8.69
2023-07-02,4,Grocery,2535.82,0,0,35.6,2.58,225.2,7.38
2023-07-09,1,Electronics,2795.84,1,1,23.7,4.23,227.0,6.88
2023-07-16,4,Electronics,2604.88,0,0,32.0,3.66,210.6,6.97
2023-07-23,3,Toys,2744.34,1,0,29.1,3.38,207.11,7.3
2023-07-30,5,Grocery,2650.75,0,0,21.7,3.95,223.42,8.93
2023-08-06,4,Clothing,2499.48,1,0,37.0,3.47,208.24,9.46
2023-08-13,5,Toys,2306.77,0,1,34.9,4.25,224.68,9.78
2023-08-20,1,Electronics,2140.08,0,0,31.5,4.3,212.71,8.93
2023-08-27,5,Electronics,2326.13,0,0,36.3,3.34,220.03,6.58
2023-09-03,5,Grocery,2565.09,1,0,36.7,3.05,202.87,8.44
2023-09-10,2,Electronics,2421.46,0,0,32.7,3.68,218.72,7.19
2023-09-17,2,Clothing,2121.15,0,0,35.9,4.32,213.55,6.27
2023-09-24,2,Grocery,2403.67,0,0,32.4,2.92,217.6,9.2
2023-10-01,5,Electronics,2452.06,1,0,32.0,3.75,205.04,5.19
2023-10-08,3,Grocery,2211.49,0,0,30.5,3.76,222.11,9.51
2023-10-15,5,Electronics,2439.5,1,0,33.8,3.97,225.88,7.31
2023-10-22,3,Electronics,2447.98,0,1,19.0,2.76,206.5,8.19
2023-10-29,3,Electronics,2242.14,0,0,37.0,3.93,202.87,8.3
2023-11-05,2,Clothing,2583.14,0,0,36.8,4.32,200.71,9.48
2023-11-12,4,Clothing,2670.59,0,0,15.7,2.86,219.26,8.18
2023-11-19,1,Grocery,2827.36,1,0,35.6,2.98,218.21,8.07
2023-11-26,2,Electronics,2878.65,0,0,18.2,4.44,216.4,5.33
2023-12-03,2,Electronics,2453.64,0,1,23.4,2.86,206.96,7.59
2023-12-10,4,Clothing,2606.29,1,0,33.6,4.21,211.73,5.75
2023-12-17,1,Electronics,2964.12,0,0,19.0,3.48,217.83,8.69
2023-12-24,5,Clothing,3032.87,0,0,35.4,2.99,214.9,7.56
2023-12-31,5,Electronics,3103.01,1,0,35.8,4.24,229.63,8.4
